ID,Name,Age,Department,Salary,Joining Date
1,John Doe,28,Engineering,70000,2019-06-15
2,Jane Smith,34,Marketing,75000,2018-09-20
3,Emily Johnson,26,Sales,68000,2020-01-10
4,Michael Brown,40,HR,80000,2015-04-25
5,Chris White,29,Finance,72000,2019-11-11
6,Susan Clark,32,Engineering,71000,2017-07-07
7,Robert Lewis,45,Operations,85000,2010-05-30
8,David Walker,38,Sales,73000,2016-08-22
9,Linda Hall,31,Marketing,69000,2021-02-14
10,James Allen,36,Finance,77000,2014-12-12
11,Sarah Young,27,HR,64000,2022-03-08
12,Kevin King,33,Operations,78000,2018-06-23
13,Nancy Wright,42,Engineering,81000,2013-10-17
14,Daniel Scott,30,Sales,70000,2020-09-05
15,Amy Green,28,Marketing,68000,2019-07-27
16,Brian Adams,39,Finance,82000,2015-11-19
17,Rebecca Baker,35,Operations,76000,2017-01-03
18,Matthew Nelson,31,HR,67000,2021-04-15
19,Patricia Carter,29,Engineering,75000,2020-06-09
20,Eric Perez,37,Sales,74000,2016-03-21
21,Jessica Reed,26,Marketing,67000,2023-01-29
22,George Howard,41,Finance,81000,2012-08-14
23,Ashley Cooper,33,Operations,77000,2018-10-04
24,Steven Ward,28,HR,66000,2019-12-22
25,Melissa Brooks,34,Engineering,79000,2018-05-10
26,Thomas Bell,45,Sales,86000,2010-11-06
27,Karen Murphy,32,Marketing,72000,2017-02-25
28,Edward Rivera,38,Finance,83000,2015-07-31
29,Rachel Gomez,27,Operations,70000,2022-06-14
30,Jason Stewart,36,HR,75000,2014-09-28
31,Donna Collins,30,Engineering,73000,2020-11-17
32,Scott Sanders,39,Sales,81000,2015-10-08
33,Betty Price,29,Marketing,71000,2019-05-12
34,Anthony Foster,37,Finance,79000,2016-12-20
35,Laura Ramirez,41,Operations,78000,2013-09-09
36,Mark Jenkins,34,HR,74000,2018-07-15
37,Angela Perry,26,Engineering,69000,2023-02-08
38,Ryan Powell,33,Sales,76000,2018-09-30
39,Kimberly Long,28,Marketing,70000,2021-08-19
40,Joshua Bryant,35,Finance,81000,2017-03-06
41,Emily Sanders,30,Operations,75000,2020-12-13
42,Samuel Flores,45,HR,88000,2010-06-27
43,Elizabeth Russell,32,Engineering,74000,2017-05-04
44,Timothy Jenkins,39,Sales,82000,2015-02-14
45,Deborah Butler,27,Marketing,72000,2019-10-10
46,Paul Murphy,36,Finance,83000,2014-08-25
47,Sharon Simmons,31,Operations,77000,2021-07-03
48,Andrew Barnes,40,HR,79000,2013-11-11
49,Stephanie Fisher,29,Engineering,71000,2020-04-22
50,Peter Henderson,38,Sales,75000,2016-05-16
51,Carolyn Webb,26,Marketing,68000,2023-04-14
52,Nicholas Henry,34,Finance,82000,2018-01-31
53,Cynthia Bishop,41,Operations,80000,2012-07-09
54,Patrick Lawrence,28,HR,69000,2019-08-23
55,Katherine Olson,36,Engineering,77000,2014-10-02
56,Gregory Bryant,42,Sales,84000,2013-03-17
57,Teresa Fox,30,Marketing,73000,2020-05-28
58,Benjamin Henderson,39,Finance,81000,2015-09-10
59,Diana Stevens,32,Operations,78000,2017-06-22
60,Ronald Shaw,27,HR,70000,2022-02-07
61,Victoria Spencer,35,Engineering,76000,2018-04-16
62,Jackie Carr,29,Sales,74000,2021-03-09
63,Jeremy Payne,41,Marketing,80000,2013-08-27
64,Gloria Jenkins,33,Finance,78000,2018-11-12
65,Dennis Coleman,28,Operations,71000,2019-01-15
66,Marie Wheeler,37,HR,75000,2016-04-08
67,Frank Armstrong,45,Engineering,86000,2010-09-18
68,Brenda Medina,31,Sales,76000,2020-10-30
69,Howard Rose,34,Marketing,75000,2018-07-21
70,Julia Ortiz,42,Finance,84000,2012-05-24
71,Philip Foster,29,Operations,72000,2021-06-19
72,Sandra Bates,36,HR,78000,2014-11-05
73,Wayne Dixon,32,Engineering,77000,2017-08-26
74,Judith Williamson,40,Sales,81000,2013-12-15
75,Bobby Hunt,27,Marketing,70000,2022-09-02
76,Janet Henderson,39,Finance,79000,2016-01-29
77,Aaron Berry,30,Operations,73000,2020-07-04
78,Kathryn Robertson,35,HR,77000,2015-06-12
79,Brandon Watkins,28,Engineering,72000,2019-09-15
80,Cheryl Montgomery,41,Sales,80000,2012-03-18
81,Harold Murray,34,Marketing,76000,2018-06-05
82,Pamela Fields,45,Finance,86000,2010-12-21
83,Douglas Carlson,33,Operations,74000,2018-03-22
84,Alice Spencer,31,HR,72000,2021-01-08
85,Randy Ellis,37,Engineering,79000,2016-07-29
86,Jeanette Jordan,27,Sales,71000,2022-05-10
87,Gerald Fisher,40,Marketing,78000,2013-10-11
88,Amber Dean,29,Finance,73000,2019-02-28
89,Keith Gibson,36,Operations,76000,2015-12-09
90,Elaine Riley,30,HR,73000,2020-08-14